{
    "total_runtime": 799.3184468746185,
    "num_documents": 1,
    "input_load_time": 0,
    "workflows": {
        "create_base_text_units": {
            "overall": 1.0980310440063477,
            "0_orderby": 0.014974832534790039,
            "1_zip": 0.010861635208129883,
            "2_aggregate_override": 0.014829397201538086,
            "3_chunk": 0.983806848526001,
            "4_select": 0.015438079833984375,
            "5_unroll": 0.014900445938110352,
            "6_rename": 0.007211446762084961,
            "7_genid": 0.010652542114257812,
            "8_unzip": 0.004974842071533203,
            "9_copy": 0.004118919372558594,
            "10_filter": 0.014197349548339844
        },
        "create_base_extracted_entities": {
            "overall": 497.4182448387146,
            "0_entity_extract": 497.3629951477051,
            "1_merge_graphs": 0.04819321632385254
        },
        "create_summarized_entities": {
            "overall": 66.86092901229858,
            "0_summarize_descriptions": 66.85367631912231
        },
        "create_base_entity_graph": {
            "overall": 0.07422661781311035,
            "0_cluster_graph": 0.06369948387145996,
            "1_select": 0.005494356155395508
        },
        "create_final_entities": {
            "overall": 1.144061803817749,
            "0_unpack_graph": 0.03229260444641113,
            "1_rename": 0.006031990051269531,
            "2_select": 0.008982181549072266,
            "3_dedupe": 0.015444517135620117,
            "4_rename": 0.009964227676391602,
            "5_filter": 0.017595529556274414,
            "6_text_split": 0.009031295776367188,
            "7_drop": 0.007274627685546875,
            "8_merge": 0.035540103912353516,
            "9_text_embed": 0.9315433502197266,
            "10_drop": 0.023613929748535156,
            "11_filter": 0.029607772827148438
        },
        "create_final_nodes": {
            "overall": 0.29668188095092773,
            "0_layout_graph": 0.08457732200622559,
            "1_unpack_graph": 0.029505252838134766,
            "2_unpack_graph": 0.029320716857910156,
            "3_drop": 0.009045839309692383,
            "4_filter": 0.026577234268188477,
            "5_select": 0.009662866592407227,
            "6_rename": 0.00977182388305664,
            "7_convert": 0.057352304458618164,
            "8_join": 0.019453763961791992,
            "9_rename": 0.010711431503295898
        },
        "create_final_communities": {
            "overall": 0.40794944763183594,
            "0_unpack_graph": 0.08197760581970215,
            "1_unpack_graph": 0.03126072883605957,
            "2_aggregate_override": 0.02594590187072754,
            "3_join": 0.022608280181884766,
            "4_join": 0.0183560848236084,
            "5_concat": 0.012127399444580078,
            "6_filter": 0.0702052116394043,
            "7_aggregate_override": 0.016106605529785156,
            "8_join": 0.016759395599365234,
            "9_filter": 0.028583765029907227,
            "10_fill": 0.012400627136230469,
            "11_merge": 0.01786494255065918,
            "12_copy": 0.012764930725097656,
            "13_select": 0.013551473617553711
        },
        "join_text_units_to_entity_ids": {
            "overall": 0.06567001342773438,
            "0_select": 0.014065742492675781,
            "1_unroll": 0.015310525894165039,
            "2_aggregate_override": 0.01820850372314453
        },
        "create_final_relationships": {
            "overall": 0.285442590713501,
            "0_unpack_graph": 0.03573942184448242,
            "1_filter": 0.08014178276062012,
            "2_rename": 0.014604330062866211,
            "3_filter": 0.03806257247924805,
            "4_drop": 0.015264272689819336,
            "5_compute_edge_combined_degree": 0.019067049026489258,
            "6_convert": 0.03214430809020996,
            "7_convert": 0.015974998474121094
        },
        "join_text_units_to_relationship_ids": {
            "overall": 0.0885775089263916,
            "0_select": 0.016759157180786133,
            "1_unroll": 0.01781463623046875,
            "2_aggregate_override": 0.020637035369873047,
            "3_select": 0.016757726669311523
        },
        "create_final_community_reports": {
            "overall": 227.41005754470825,
            "0_prepare_community_reports_nodes": 0.022910118103027344,
            "1_prepare_community_reports_edges": 0.01978921890258789,
            "2_restore_community_hierarchy": 0.021898984909057617,
            "3_prepare_community_reports": 0.26952362060546875,
            "4_create_community_reports": 227.0348825454712,
            "5_window": 0.01974630355834961
        },
        "create_final_text_units": {
            "overall": 0.18024110794067383,
            "0_select": 0.019472122192382812,
            "1_rename": 0.019107341766357422,
            "2_join": 0.023864269256591797,
            "3_join": 0.023925065994262695,
            "4_aggregate_override": 0.035276174545288086,
            "5_select": 0.03840756416320801
        },
        "create_base_documents": {
            "overall": 0.2986133098602295,
            "0_unroll": 0.02366948127746582,
            "1_select": 0.02204108238220215,
            "2_rename": 0.022584199905395508,
            "3_join": 0.08503937721252441,
            "4_aggregate_override": 0.024036645889282227,
            "5_join": 0.0272979736328125,
            "6_rename": 0.023354530334472656,
            "7_convert": 0.04761457443237305
        },
        "create_final_documents": {
            "overall": 0.045572757720947266,
            "0_rename": 0.02288675308227539
        }
    }
}